<ImportExportXml version="8.2.0000.0737" SolutionPackageVersion="8.2" languagecode="1033" generatedBy="CrmLive" xmlns:xsi="http://www.w3.org/2001/XMLSchema-instance">
  <SolutionManifest>
    <UniqueName>DsEventCalendar</UniqueName>
    <LocalizedNames>
      <LocalizedName description="Dotsquares EventsCalander Solution" languagecode="1033" />
    </LocalizedNames>
    <Descriptions>
      <Description description="This solution was created by the Dotsquares in the Microsoft Dynamics CRM SDK samples." languagecode="1033" />
    </Descriptions>
    <Version>1.0</Version>
    <Managed>1</Managed>
    <ConfigurationPage>ec_/ImportWebResources/dots_EventCalendarConfiguration.html</ConfigurationPage>
    <Publisher>
      <UniqueName>dotsquares</UniqueName>
      <LocalizedNames>
        <LocalizedName description="Dotsquares Ltd." languagecode="1033" />
      </LocalizedNames>
      <Descriptions />
      <EMailAddress>jitendra.tiwari@dotsquares.com</EMailAddress>
      <SupportingWebsiteUrl>http://msdn.microsoft.com/en-us/dynamics/crm/default.aspx</SupportingWebsiteUrl>
      <CustomizationPrefix>ds</CustomizationPrefix>
      <CustomizationOptionValuePrefix>71759</CustomizationOptionValuePrefix>
      <Addresses>
        <Address>
          <AddressNumber>1</AddressNumber>
          <AddressTypeCode>1</AddressTypeCode>
          <City xsi:nil="true"></City>
          <County xsi:nil="true"></County>
          <Country xsi:nil="true"></Country>
          <Fax xsi:nil="true"></Fax>
          <FreightTermsCode xsi:nil="true"></FreightTermsCode>
          <ImportSequenceNumber xsi:nil="true"></ImportSequenceNumber>
          <Latitude xsi:nil="true"></Latitude>
          <Line1 xsi:nil="true"></Line1>
          <Line2 xsi:nil="true"></Line2>
          <Line3 xsi:nil="true"></Line3>
          <Longitude xsi:nil="true"></Longitude>
          <Name xsi:nil="true"></Name>
          <PostalCode xsi:nil="true"></PostalCode>
          <PostOfficeBox xsi:nil="true"></PostOfficeBox>
          <PrimaryContactName xsi:nil="true"></PrimaryContactName>
          <ShippingMethodCode>1</ShippingMethodCode>
          <StateOrProvince xsi:nil="true"></StateOrProvince>
          <Telephone1 xsi:nil="true"></Telephone1>
          <Telephone2 xsi:nil="true"></Telephone2>
          <Telephone3 xsi:nil="true"></Telephone3>
          <TimeZoneRuleVersionNumber xsi:nil="true"></TimeZoneRuleVersionNumber>
          <UPSZone xsi:nil="true"></UPSZone>
          <UTCOffset xsi:nil="true"></UTCOffset>
          <UTCConversionTimeZoneCode xsi:nil="true"></UTCConversionTimeZoneCode>
        </Address>
        <Address>
          <AddressNumber>2</AddressNumber>
          <AddressTypeCode>1</AddressTypeCode>
          <City xsi:nil="true"></City>
          <County xsi:nil="true"></County>
          <Country xsi:nil="true"></Country>
          <Fax xsi:nil="true"></Fax>
          <FreightTermsCode xsi:nil="true"></FreightTermsCode>
          <ImportSequenceNumber xsi:nil="true"></ImportSequenceNumber>
          <Latitude xsi:nil="true"></Latitude>
          <Line1 xsi:nil="true"></Line1>
          <Line2 xsi:nil="true"></Line2>
          <Line3 xsi:nil="true"></Line3>
          <Longitude xsi:nil="true"></Longitude>
          <Name xsi:nil="true"></Name>
          <PostalCode xsi:nil="true"></PostalCode>
          <PostOfficeBox xsi:nil="true"></PostOfficeBox>
          <PrimaryContactName xsi:nil="true"></PrimaryContactName>
          <ShippingMethodCode>1</ShippingMethodCode>
          <StateOrProvince xsi:nil="true"></StateOrProvince>
          <Telephone1 xsi:nil="true"></Telephone1>
          <Telephone2 xsi:nil="true"></Telephone2>
          <Telephone3 xsi:nil="true"></Telephone3>
          <TimeZoneRuleVersionNumber xsi:nil="true"></TimeZoneRuleVersionNumber>
          <UPSZone xsi:nil="true"></UPSZone>
          <UTCOffset xsi:nil="true"></UTCOffset>
          <UTCConversionTimeZoneCode xsi:nil="true"></UTCConversionTimeZoneCode>
        </Address>
      </Addresses>
    </Publisher>
    <RootComponents>
      <RootComponent type="1" schemaName="dots_eventconfiguration" behavior="0" />
      <RootComponent type="9" schemaName="ds_tempsampleglobaloptionsetname631918480" behavior="0" />
      <RootComponent type="61" schemaName="ec_/ImportWebResources/CSS/Eventbootstrap.css" behavior="0" />
      <RootComponent type="61" schemaName="ec_/ImportWebResources/CSS/Eventbootstrap.min.css" behavior="0" />
      <RootComponent type="61" schemaName="ec_/ImportWebResources/CSS/Eventfullcalendar.css" behavior="0" />
      <RootComponent type="61" schemaName="ec_/ImportWebResources/CSS/Eventfullcalendar.print.css" behavior="0" />
      <RootComponent type="61" schemaName="ec_/ImportWebResources/CSS/Eventstyle.css" behavior="0" />
      <RootComponent type="61" schemaName="ec_/ImportWebResources/dots_EventCalendarConfiguration.html" behavior="0" />
      <RootComponent type="61" schemaName="ec_/ImportWebResources/dots_EventsCalendar.html" behavior="0" />
      <RootComponent type="61" schemaName="ec_/ImportWebResources/Images/Eventdotsquares.png" behavior="0" />
      <RootComponent type="61" schemaName="ec_/ImportWebResources/Images/Eventsubmit.png" behavior="0" />
      <RootComponent type="61" schemaName="ec_/ImportWebResources/Script/Eventbootstrap.js" behavior="0" />
      <RootComponent type="61" schemaName="ec_/ImportWebResources/Script/Eventbootstrap.min.js" behavior="0" />
      <RootComponent type="61" schemaName="ec_/ImportWebResources/Script/Eventconfiguration.js" behavior="0" />
      <RootComponent type="61" schemaName="ec_/ImportWebResources/Script/Eventfullcalendar.min.js" behavior="0" />
      <RootComponent type="61" schemaName="ec_/ImportWebResources/Script/Eventjquery.min.js" behavior="0" />
      <RootComponent type="61" schemaName="ec_/ImportWebResources/Script/Eventmoment.min.js" behavior="0" />
      <RootComponent type="61" schemaName="ec_/ImportWebResources/Script/EventScript.js" behavior="0" />
    </RootComponents>
    <MissingDependencies />
  </SolutionManifest>
</ImportExportXml>