<ImportExportXml version="8.2.0000.0773" SolutionPackageVersion="8.2" languagecode="1033" generatedBy="CrmLive" xmlns:xsi="http://www.w3.org/2001/XMLSchema-instance">
  <SolutionManifest>
    <UniqueName>dsautonumber</UniqueName>
    <LocalizedNames>
      <LocalizedName description="Dotsquares Auto Number Solution" languagecode="1033" />
    </LocalizedNames>
    <Descriptions>
      <Description description="This solution was created by the Dotsquares in the Microsoft Dynamics CRM SDK samples." languagecode="1033" />
    </Descriptions>
    <Version>1.0</Version>
    <Managed>1</Managed>
    <ConfigurationPage>ds_/ImportWebResources/dots_AutoNumberConfiguration.html</ConfigurationPage>
    <Publisher>
      <UniqueName>dotsquares</UniqueName>
      <LocalizedNames>
        <LocalizedName description="Dotsquares Ltd." languagecode="1033" />
      </LocalizedNames>
      <Descriptions />
      <EMailAddress>jitendra.tiwari@dotsquares.com</EMailAddress>
      <SupportingWebsiteUrl>http://msdn.microsoft.com/en-us/dynamics/crm/default.aspx</SupportingWebsiteUrl>
      <CustomizationPrefix>wf</CustomizationPrefix>
      <CustomizationOptionValuePrefix>97969</CustomizationOptionValuePrefix>
      <Addresses>
        <Address>
          <AddressNumber>1</AddressNumber>
          <AddressTypeCode>1</AddressTypeCode>
          <City xsi:nil="true"></City>
          <County xsi:nil="true"></County>
          <Country xsi:nil="true"></Country>
          <Fax xsi:nil="true"></Fax>
          <FreightTermsCode xsi:nil="true"></FreightTermsCode>
          <ImportSequenceNumber xsi:nil="true"></ImportSequenceNumber>
          <Latitude xsi:nil="true"></Latitude>
          <Line1 xsi:nil="true"></Line1>
          <Line2 xsi:nil="true"></Line2>
          <Line3 xsi:nil="true"></Line3>
          <Longitude xsi:nil="true"></Longitude>
          <Name xsi:nil="true"></Name>
          <PostalCode xsi:nil="true"></PostalCode>
          <PostOfficeBox xsi:nil="true"></PostOfficeBox>
          <PrimaryContactName xsi:nil="true"></PrimaryContactName>
          <ShippingMethodCode>1</ShippingMethodCode>
          <StateOrProvince xsi:nil="true"></StateOrProvince>
          <Telephone1 xsi:nil="true"></Telephone1>
          <Telephone2 xsi:nil="true"></Telephone2>
          <Telephone3 xsi:nil="true"></Telephone3>
          <TimeZoneRuleVersionNumber xsi:nil="true"></TimeZoneRuleVersionNumber>
          <UPSZone xsi:nil="true"></UPSZone>
          <UTCOffset xsi:nil="true"></UTCOffset>
          <UTCConversionTimeZoneCode xsi:nil="true"></UTCConversionTimeZoneCode>
        </Address>
        <Address>
          <AddressNumber>2</AddressNumber>
          <AddressTypeCode>1</AddressTypeCode>
          <City xsi:nil="true"></City>
          <County xsi:nil="true"></County>
          <Country xsi:nil="true"></Country>
          <Fax xsi:nil="true"></Fax>
          <FreightTermsCode xsi:nil="true"></FreightTermsCode>
          <ImportSequenceNumber xsi:nil="true"></ImportSequenceNumber>
          <Latitude xsi:nil="true"></Latitude>
          <Line1 xsi:nil="true"></Line1>
          <Line2 xsi:nil="true"></Line2>
          <Line3 xsi:nil="true"></Line3>
          <Longitude xsi:nil="true"></Longitude>
          <Name xsi:nil="true"></Name>
          <PostalCode xsi:nil="true"></PostalCode>
          <PostOfficeBox xsi:nil="true"></PostOfficeBox>
          <PrimaryContactName xsi:nil="true"></PrimaryContactName>
          <ShippingMethodCode>1</ShippingMethodCode>
          <StateOrProvince xsi:nil="true"></StateOrProvince>
          <Telephone1 xsi:nil="true"></Telephone1>
          <Telephone2 xsi:nil="true"></Telephone2>
          <Telephone3 xsi:nil="true"></Telephone3>
          <TimeZoneRuleVersionNumber xsi:nil="true"></TimeZoneRuleVersionNumber>
          <UPSZone xsi:nil="true"></UPSZone>
          <UTCOffset xsi:nil="true"></UTCOffset>
          <UTCConversionTimeZoneCode xsi:nil="true"></UTCConversionTimeZoneCode>
        </Address>
      </Addresses>
    </Publisher>
    <RootComponents>
      <RootComponent type="1" schemaName="dots_autonumber" behavior="0" />
      <RootComponent type="1" schemaName="dots_autonumberconfiguration" behavior="0" />
      <RootComponent type="9" schemaName="ds_tempsampleglobaloptionsetname2084658506" behavior="0" />
      <RootComponent type="50" schemaName=":RibbonDiffXml" behavior="0" />
      <RootComponent type="60" id="{67796d6a-fffe-449b-a6b8-2497fffcc84f}" behavior="0" />
      <RootComponent type="61" schemaName="ds_/ImportWebResources/CSS/bootstrap.css" behavior="0" />
      <RootComponent type="61" schemaName="ds_/ImportWebResources/CSS/bootstrap.min.css" behavior="0" />
      <RootComponent type="61" schemaName="ds_/ImportWebResources/CSS/style.css" behavior="0" />
      <RootComponent type="61" schemaName="ds_/ImportWebResources/dots_AutoNumberConfiguration.html" behavior="0" />
      <RootComponent type="61" schemaName="ds_/ImportWebResources/dots_entitesAndattributes.html" behavior="0" />
      <RootComponent type="61" schemaName="ds_/ImportWebResources/dots_HelpFormat.html" behavior="0" />
      <RootComponent type="61" schemaName="ds_/ImportWebResources/Images/dotsquares.png" behavior="0" />
      <RootComponent type="61" schemaName="ds_/ImportWebResources/Images/submit.png" behavior="0" />
      <RootComponent type="61" schemaName="ds_/ImportWebResources/Script/bootstrap.js" behavior="0" />
      <RootComponent type="61" schemaName="ds_/ImportWebResources/Script/bootstrap.min.js" behavior="0" />
      <RootComponent type="61" schemaName="ds_/ImportWebResources/Script/configuration.js" behavior="0" />
      <RootComponent type="61" schemaName="ds_/ImportWebResources/Script/Script.js" behavior="0" />
      <RootComponent type="61" schemaName="ds_/ImportWebResources/Script/SDK.MetaData.js" behavior="0" />
      <RootComponent type="62" behavior="0" />
      <RootComponent type="91" schemaName="AssignAutoNumberPlugin, Version=0.0.0.0, Culture=neutral, PublicKeyToken=829f574d80e89132" behavior="0" />
      <RootComponent type="92" id="{d3c4e9cc-62dd-e611-8106-c4346bac8af8}" behavior="0" />
      <RootComponent type="92" id="{ef08e1de-62dd-e611-8106-c4346bac8af8}" behavior="0" />
    </RootComponents>
    <MissingDependencies>
      <MissingDependency>
        <Required key="0" type="1" schemaName="msdyn_expensecategory" displayName="Expense Category" solution="ProjectService (1.1.0.62)" />
        <Dependent key="1" type="62" />
      </MissingDependency>
      <MissingDependency>
        <Required key="2" type="1" schemaName="msdyn_purchaseorderreceipt" displayName="Purchase Order Receipt" solution="FieldService (6.1.0.1462)" />
        <Dependent key="1" type="62" />
      </MissingDependency>
      <MissingDependency>
        <Required key="3" type="1" schemaName="msdyn_actual" displayName="Actual" solution="MicrosoftDynamicsScheduling (1.0.2.152)" />
        <Dependent key="1" type="62" />
      </MissingDependency>
      <MissingDependency>
        <Required key="4" type="1" schemaName="msdyn_project" displayName="Project" solution="ProjectService (1.1.0.62)" />
        <Dependent key="1" type="62" />
      </MissingDependency>
      <MissingDependency>
        <Required key="5" type="1" schemaName="msdyn_agreement" displayName="Agreement" solution="FieldService (6.1.0.1462)" />
        <Dependent key="1" type="62" />
      </MissingDependency>
      <MissingDependency>
        <Required key="6" type="1" schemaName="msdyn_transactioncategory" displayName="Transaction Category" solution="ProjectService (1.1.0.62)" />
        <Dependent key="1" type="62" />
      </MissingDependency>
      <MissingDependency>
        <Required key="7" type="1" schemaName="msdyn_purchaseorder" displayName="Purchase Order" solution="FieldService (6.1.0.1462)" />
        <Dependent key="1" type="62" />
      </MissingDependency>
      <MissingDependency>
        <Required key="8" type="1" schemaName="msdyn_rma" displayName="RMA" solution="FieldService (6.1.0.1462)" />
        <Dependent key="1" type="62" />
      </MissingDependency>
      <MissingDependency>
        <Required key="9" type="1" schemaName="msdyn_postconfig" displayName="Post Configuration" solution="ActivityFeedsCore (8.2.0.0)" />
        <Dependent key="1" type="62" />
      </MissingDependency>
      <MissingDependency>
        <Required key="10" type="1" schemaName="msdyn_resourcerequest" displayName="Resource Request" solution="ProjectService (1.1.0.62)" />
        <Dependent key="1" type="62" />
      </MissingDependency>
      <MissingDependency>
        <Required key="11" type="1" schemaName="msdyn_inventoryadjustment" displayName="Inventory Adjustment" solution="FieldService (6.1.0.1462)" />
        <Dependent key="1" type="62" />
      </MissingDependency>
      <MissingDependency>
        <Required key="12" type="1" schemaName="msdyn_journal" displayName="Journal" solution="ProjectService (1.1.0.62)" />
        <Dependent key="1" type="62" />
      </MissingDependency>
      <MissingDependency>
        <Required key="13" type="1" schemaName="msdyn_dataexport" displayName="Actual Data Export (Deprecated)" solution="ProjectService (1.1.0.62)" />
        <Dependent key="1" type="62" />
      </MissingDependency>
      <MissingDependency>
        <Required key="14" type="1" schemaName="msdyn_expense" displayName="Expense" solution="ProjectService (1.1.0.62)" />
        <Dependent key="1" type="62" />
      </MissingDependency>
      <MissingDependency>
        <Required key="15" type="1" schemaName="msdynsm_salessitemap" displayName="SalesSiteMap" solution="SiteMapCustomization (1.8)" />
        <Dependent key="1" type="62" />
      </MissingDependency>
      <MissingDependency>
        <Required key="16" type="1" schemaName="msdynsm_settingssitemap" displayName="SettingsSiteMap" solution="SiteMapCustomization (1.8)" />
        <Dependent key="1" type="62" />
      </MissingDependency>
      <MissingDependency>
        <Required key="17" type="1" schemaName="msdyn_purchaseorderbill" displayName="Purchase Order Bill" solution="FieldService (6.1.0.1462)" />
        <Dependent key="1" type="62" />
      </MissingDependency>
      <MissingDependency>
        <Required key="18" type="1" schemaName="msdyn_organizationalunit" displayName="Organizational Unit" solution="MicrosoftDynamicsScheduling (1.0.2.152)" />
        <Dependent key="1" type="62" />
      </MissingDependency>
      <MissingDependency>
        <Required key="19" type="1" schemaName="msdynsm_servicessitemap" displayName="ServicesSiteMap" solution="SiteMapCustomization (1.8)" />
        <Dependent key="1" type="62" />
      </MissingDependency>
      <MissingDependency>
        <Required key="20" type="1" schemaName="msdyn_invoicefrequency" displayName="Invoice Frequency" solution="ProjectService (1.1.0.62)" />
        <Dependent key="1" type="62" />
      </MissingDependency>
      <MissingDependency>
        <Required key="21" type="1" schemaName="msdyn_postruleconfig" displayName="Post Rule Configuration" solution="ActivityFeedsCore (8.2.0.0)" />
        <Dependent key="1" type="62" />
      </MissingDependency>
      <MissingDependency>
        <Required key="22" type="1" schemaName="msdyn_inventorytransfer" displayName="Inventory Transfer" solution="FieldService (6.1.0.1462)" />
        <Dependent key="1" type="62" />
      </MissingDependency>
      <MissingDependency>
        <Required key="23" type="1" schemaName="msdyn_rtv" displayName="RTV" solution="FieldService (6.1.0.1462)" />
        <Dependent key="1" type="62" />
      </MissingDependency>
      <MissingDependency>
        <Required key="24" type="1" schemaName="msdyn_inventoryjournal" displayName="Inventory Journal" solution="FieldService (6.1.0.1462)" />
        <Dependent key="1" type="62" />
      </MissingDependency>
      <MissingDependency>
        <Required key="25" type="1" schemaName="msdyn_contractlinescheduleofvalue" displayName="Project Contract Line Milestone" solution="ProjectService (1.1.0.62)" />
        <Dependent key="1" type="62" />
      </MissingDependency>
      <MissingDependency>
        <Required key="26" type="1" schemaName="msdyn_workhourtemplate" displayName="Work template" solution="MicrosoftDynamicsScheduling (1.0.2.152)" />
        <Dependent key="1" type="62" />
      </MissingDependency>
      <MissingDependency>
        <Required key="27" type="1" schemaName="msdyn_projectparameter" displayName="Project Parameter" solution="ProjectService (1.1.0.62)" />
        <Dependent key="1" type="62" />
      </MissingDependency>
      <MissingDependency>
        <Required key="28" type="1" schemaName="msdyn_batchjob" displayName="Batch Job" solution="ProjectService (1.1.0.62)" />
        <Dependent key="1" type="62" />
      </MissingDependency>
      <MissingDependency>
        <Required key="29" type="1" schemaName="msdyn_timeoffrequest" displayName="Time Off Request" solution="FieldService (6.1.0.1462)" />
        <Dependent key="1" type="62" />
      </MissingDependency>
      <MissingDependency>
        <Required key="30" type="1" schemaName="msdyn_workorder" displayName="Work Order" solution="FieldService (6.1.0.1462)" />
        <Dependent key="1" type="62" />
      </MissingDependency>
      <MissingDependency>
        <Required key="31" type="1" schemaName="msdyn_rmareceipt" displayName="RMA Receipt" solution="FieldService (6.1.0.1462)" />
        <Dependent key="1" type="62" />
      </MissingDependency>
      <MissingDependency>
        <Required key="32" type="1" schemaName="msdyn_customerasset" displayName="Customer Asset" solution="FieldService (6.1.0.1462)" />
        <Dependent key="1" type="62" />
      </MissingDependency>
      <MissingDependency>
        <Required key="33" type="1" schemaName="msdyn_timeentry" displayName="Time Entry" solution="ProjectService (1.1.0.62)" />
        <Dependent key="1" type="62" />
      </MissingDependency>
      <MissingDependency>
        <Required key="34" type="1" schemaName="msdyn_warehouse" displayName="Warehouse" solution="FieldService (6.1.0.1462)" />
        <Dependent key="1" type="62" />
      </MissingDependency>
      <MissingDependency>
        <Required key="35" type="1" schemaName="msdynsm_marketingsitemap" displayName="MarketingSiteMap" solution="SiteMapCustomization (1.8)" />
        <Dependent key="1" type="62" />
      </MissingDependency>
      <MissingDependency>
        <Required key="36" type="1" schemaName="msdyn_projectapproval" displayName="Project Approval" solution="ProjectService (1.1.0.62)" />
        <Dependent key="1" type="62" />
      </MissingDependency>
      <MissingDependency>
        <Required key="37" type="61" schemaName="msdyn_/imgs/SiteMap/Expense_Web_32.png" displayName="msdyn_/imgs/SiteMap/Expense_Web_32.png" solution="ProjectService (1.1.0.62)" />
        <Dependent key="1" type="62" />
      </MissingDependency>
      <MissingDependency>
        <Required key="38" type="61" schemaName="msdyn_/Resource/AvailabilityView/Base/AvailabilityView.htm" displayName="msdyn_/Resource/AvailabilityView/Base/AvailabilityView.htm" solution="ProjectService (1.1.0.62)" />
        <Dependent key="1" type="62" />
      </MissingDependency>
      <MissingDependency>
        <Required key="39" type="61" schemaName="msdyn_/Expense/App/Pages/Expense.htm" displayName="msdyn_/Expense/App/Pages/Expense.htm" solution="ProjectService (1.1.0.62)" />
        <Dependent key="1" type="62" />
      </MissingDependency>
      <MissingDependency>
        <Required key="40" type="61" schemaName="msdyn_/imgs/SiteMap/Activities_32_red_background.png" displayName="msdyn_/imgs/SiteMap/Activities_32_red_background.png" solution="ProjectService (1.1.0.62)" />
        <Dependent key="1" type="62" />
      </MissingDependency>
      <MissingDependency>
        <Required key="41" type="61" schemaName="msdyn_/Icons/Sitemap/WorkOrder_32.png" displayName="msdyn_/Icons/Sitemap/WorkOrder_32.png" solution="FieldService (6.1.0.1462)" />
        <Dependent key="1" type="62" />
      </MissingDependency>
      <MissingDependency>
        <Required key="42" type="61" schemaName="msdyn_/Icons/Sitemap/ServiceAgreement_32.png" displayName="msdyn_/Icons/Sitemap/ServiceAgreement_32.png" solution="FieldService (6.1.0.1462)" />
        <Dependent key="1" type="62" />
      </MissingDependency>
      <MissingDependency>
        <Required key="43" type="61" schemaName="msdyn_/Icons/Sitemap/Calendar_32.png" displayName="msdyn_/Icons/Sitemap/Calendar_32.png" solution="FieldService (6.1.0.1462)" />
        <Dependent key="1" type="62" />
      </MissingDependency>
      <MissingDependency>
        <Required key="44" type="61" schemaName="msdyn_/imgs/SiteMap/TimeEntry_Web_32.png" displayName="msdyn_/imgs/SiteMap/TimeEntry_Web_32.png" solution="ProjectService (1.1.0.62)" />
        <Dependent key="1" type="62" />
      </MissingDependency>
      <MissingDependency>
        <Required key="45" type="61" schemaName="msdyn_/imgs/SiteMap/ResourceAvailability.png" displayName="msdyn_/imgs/SiteMap/ResourceAvailability.png" solution="ProjectService (1.1.0.62)" />
        <Dependent key="1" type="62" />
      </MissingDependency>
      <MissingDependency>
        <Required key="46" type="61" schemaName="msdyn_/Resource/Utilization/Pages/ResourceUtilization.htm" displayName="msdyn_/Resource/Utilization/Pages/ResourceUtilization.htm" solution="ProjectService (1.1.0.62)" />
        <Dependent key="1" type="62" />
      </MissingDependency>
      <MissingDependency>
        <Required key="47" type="61" schemaName="msdyn_/DedicatePage/DedicatePage.htm" displayName="msdyn_/DedicatePage/DedicatePage.htm" solution="FieldService (6.1.0.1462)" />
        <Dependent key="1" type="62" />
      </MissingDependency>
      <MissingDependency>
        <Required key="48" type="61" schemaName="msdyn_/Icons/Sitemap/CustomerEquipment_32.png" displayName="msdyn_/Icons/Sitemap/CustomerEquipment_32.png" solution="FieldService (6.1.0.1462)" />
        <Dependent key="1" type="62" />
      </MissingDependency>
      <MissingDependency>
        <Required key="49" type="61" schemaName="msdyn_/Time/App/Pages/TimeEntry.htm" displayName="msdyn_/Time/App/Pages/TimeEntry.htm" solution="ProjectService (1.1.0.62)" />
        <Dependent key="1" type="62" />
      </MissingDependency>
      <MissingDependency>
        <Required key="50" type="61" schemaName="msdyn_/PersonalWall.htm" displayName="msdyn_/PersonalWall.htm" solution="ActivityFeedsCore (8.2.0.0)" />
        <Dependent key="1" type="62" />
      </MissingDependency>
      <MissingDependency>
        <Required key="51" type="61" schemaName="msdyn_/Icons/Sitemap/FsNavTile.png" displayName="msdyn_/Icons/Sitemap/FsNavTile.png" solution="FieldService (6.1.0.1462)" />
        <Dependent key="1" type="62" />
      </MissingDependency>
      <MissingDependency>
        <Required key="52" type="61" schemaName="msdyn_/Icons/Sitemap/RMA_32.png" displayName="msdyn_/Icons/Sitemap/RMA_32.png" solution="FieldService (6.1.0.1462)" />
        <Dependent key="1" type="62" />
      </MissingDependency>
      <MissingDependency>
        <Required key="53" type="61" schemaName="msdyn_/Images/Wall_16.png" displayName="msdyn_/Images/Wall_16.png" solution="ActivityFeedsCore (8.2.0.0)" />
        <Dependent key="1" type="62" />
      </MissingDependency>
      <MissingDependency>
        <Required key="54" type="61" schemaName="msdyn_/Icons/Sitemap/Settings_32.png" displayName="msdyn_/Icons/Sitemap/Settings_32.png" solution="FieldService (6.1.0.1462)" />
        <Dependent key="1" type="62" />
      </MissingDependency>
      <MissingDependency>
        <Required key="55" type="61" schemaName="msdyn_/imgs/SiteMap/Currency_32.png" displayName="msdyn_/imgs/SiteMap/Currency_32.png" solution="ProjectService (1.1.0.62)" />
        <Dependent key="1" type="62" />
      </MissingDependency>
      <MissingDependency>
        <Required key="56" type="61" schemaName="msdyn_/Icons/Sitemap/Inventory_32.png" displayName="msdyn_/Icons/Sitemap/Inventory_32.png" solution="FieldService (6.1.0.1462)" />
        <Dependent key="1" type="62" />
      </MissingDependency>
      <MissingDependency>
        <Required key="57" type="61" schemaName="msdyn_/Scheduler/F1Scheduler.html" displayName="msdyn_/Scheduler/F1Scheduler.html" solution="FieldService (6.1.0.1462)" />
        <Dependent key="1" type="62" />
      </MissingDependency>
      <MissingDependency>
        <Required key="58" type="61" schemaName="msdyn_/ProjectTasks/App/Pages/ProjectTasks.htm" displayName="msdyn_/ProjectTasks/App/Pages/ProjectTasks.htm" solution="ProjectService (1.1.0.62)" />
        <Dependent key="1" type="62" />
      </MissingDependency>
      <MissingDependency>
        <Required key="59" type="61" schemaName="msdyn_/imgs/NavTile_icon_PSA.png" displayName="msdyn_/imgs/NavTile_icon_PSA.png" solution="ProjectService (1.1.0.62)" />
        <Dependent key="1" type="62" />
      </MissingDependency>
      <MissingDependency>
        <Required key="60" type="61" schemaName="msdyn_/Icons/Sitemap/RTV_32.png" displayName="msdyn_/Icons/Sitemap/RTV_32.png" solution="FieldService (6.1.0.1462)" />
        <Dependent key="1" type="62" />
      </MissingDependency>
      <MissingDependency>
        <Required key="61" type="61" schemaName="msdyn_/imgs/SiteMap/Resources_32.png" displayName="msdyn_/imgs/SiteMap/Resources_32.png" solution="ProjectService (1.1.0.62)" />
        <Dependent key="1" type="62" />
      </MissingDependency>
      <MissingDependency>
        <Required key="62" type="61" schemaName="msdyn_/Icons/Sitemap/Warehouse_32.png" displayName="msdyn_/Icons/Sitemap/Warehouse_32.png" solution="FieldService (6.1.0.1462)" />
        <Dependent key="1" type="62" />
      </MissingDependency>
      <MissingDependency>
        <Required key="63" type="61" schemaName="msdyn_/Icons/Sitemap/PurchaseOrder_32.png" displayName="msdyn_/Icons/Sitemap/PurchaseOrder_32.png" solution="FieldService (6.1.0.1462)" />
        <Dependent key="1" type="62" />
      </MissingDependency>
    </MissingDependencies>
  </SolutionManifest>
</ImportExportXml>